DROP DATABASE IF EXISTS DW4_PROXIMAFECHA;
CREATE DATABASE  DW4_PROXIMAFECHA;
USE DW4_PROXIMAFECHA;

DROP TABLE IF EXISTS FICHA_PARTIDO ;
DROP TABLE IF EXISTS TIPOS_ESTADISTICA ;
DROP TABLE IF EXISTS DUENOS ;
DROP TABLE IF EXISTS EQUIPOS_TORNEO ;
DROP TABLE IF EXISTS ORGANIZADORES ;
DROP TABLE IF EXISTS JUGADORES ;
DROP TABLE IF EXISTS MENSAJES ;
DROP TABLE IF EXISTS PARTIDOS ;
DROP TABLE IF EXISTS CANCHAS ;
DROP TABLE IF EXISTS FASES ;
DROP TABLE IF EXISTS EQUIPOS ;
DROP TABLE IF EXISTS USUARIOS ;
DROP TABLE IF EXISTS TORNEOS ;
DROP TABLE IF EXISTS SEDES ;
DROP TABLE IF EXISTS PROVINCIAS ;
DROP TABLE IF EXISTS PAISES ;
DROP TABLE IF EXISTS TIPOS_TORNEO ;
DROP TABLE IF EXISTS DEPORTES ;

CREATE TABLE DEPORTES (
  DEPORTE_ID INT NOT NULL AUTO_INCREMENT,
  DESCRIPCION VARCHAR(45) NULL,
  MAX_JUGADORES INT(2) NULL,
  PRIMARY KEY (DEPORTE_ID));

CREATE TABLE TIPOS_TORNEO (
  TIPO_TORNEO_ID VARCHAR(1) NOT NULL,
  DESCRIPCION VARCHAR(45) NOT NULL,
  PRIMARY KEY (TIPO_TORNEO_ID));

CREATE TABLE PAISES (
  PAIS_ID VARCHAR(3) NOT NULL,
  PAIS VARCHAR(45) NOT NULL,
  ISO VARCHAR(2) NOT NULL,
  PRIMARY KEY (PAIS_ID));

CREATE TABLE PROVINCIAS (
  PAIS_ID VARCHAR(3) NOT NULL,
  PROVINCIA_ID VARCHAR(3) NOT NULL,
  PROVINCIA VARCHAR(45) NOT NULL,
  PRIMARY KEY (PAIS_ID, PROVINCIA_ID),
  CONSTRAINT PROVPAISES   FOREIGN KEY (PAIS_ID)    REFERENCES PAISES (PAIS_ID)  ON DELETE CASCADE ON UPDATE CASCADE);

CREATE TABLE SEDES (
  SEDE_ID INT NOT NULL AUTO_INCREMENT,
  NOMBRE VARCHAR(45) NOT NULL,
  PAIS_ID VARCHAR(3) NOT NULL,
  PROVINCIA_ID VARCHAR(3) NOT NULL,
  CODIGO_POSTAL VARCHAR(10) NOT NULL,
  CALLE VARCHAR(45) NOT NULL,
  ALTURA INT(5) NOT NULL,
  TELEFONO VARCHAR(20) NOT NULL,
  DETALLES VARCHAR(200) NULL,
  PRIMARY KEY (SEDE_ID),
  CONSTRAINT SEDEPROVINCIAS  FOREIGN KEY (PAIS_ID , PROVINCIA_ID) REFERENCES PROVINCIAS (PAIS_ID , PROVINCIA_ID) ON DELETE RESTRICT ON UPDATE CASCADE);

CREATE TABLE ESTADOS_TORNEO (
  ESTADO_TORNEO_ID CHAR(1) NOT NULL,
  DESCRIPCION VARCHAR(45) NOT NULL,
  PRIMARY KEY (ESTADO_TORNEO_ID));

CREATE TABLE TORNEOS (
  TORNEO_ID INT NOT NULL AUTO_INCREMENT,
  NOMBRE VARCHAR(60) NOT NULL,
  DEPORTE_ID INT NOT NULL,
  TIPO_TORNEO_ID VARCHAR(1) NOT NULL,
  CANTIDAD_EQUIPOS INT(2) NOT NULL,
  FECHA_INICIO DATE NULL,
  SEDE_ID INT NULL,
  ESTADO_TORNEO_ID CHAR(1) NOT NULL,
  PRIMARY KEY (TORNEO_ID),
  CONSTRAINT TORNEDEOIRTE FOREIGN KEY (DEPORTE_ID) REFERENCES DEPORTES (DEPORTE_ID)  ON DELETE RESTRICT ON UPDATE CASCADE,
  CONSTRAINT TORNETIPOTRNEO    FOREIGN KEY (TIPO_TORNEO_ID) REFERENCES TIPOS_TORNEO (TIPO_TORNEO_ID) ON DELETE RESTRICT ON UPDATE CASCADE,
  CONSTRAINT TORNESEDES   FOREIGN KEY (SEDE_ID)   REFERENCES SEDES (SEDE_ID) ON DELETE RESTRICT ON UPDATE CASCADE,
  CONSTRAINT TORNEESTATRNEO    FOREIGN KEY (ESTADO_TORNEO_ID) REFERENCES ESTADOS_TORNEO (ESTADO_TORNEO_ID) ON DELETE RESTRICT ON UPDATE CASCADE);


CREATE TABLE USUARIOS (
  USUARIO_ID VARCHAR(45) NOT NULL,
  PASSWORD VARCHAR(256) NOT NULL,
  NOMBRE VARCHAR(45) NOT NULL,
  APELLIDO VARCHAR(45) NOT NULL,
  EMAIL VARCHAR(45) NOT NULL,
  ACTIVO VARCHAR(1) NOT NULL DEFAULT 'Y',
  TELEFONO VARCHAR(20) NULL,
  ULTIMA_VEZ_ONLINE DATE NULL,
  PRIMARY KEY (USUARIO_ID));

CREATE TABLE EQUIPOS (
  EQUIPO_ID INT NOT NULL AUTO_INCREMENT,
  NOMBRE VARCHAR(60) NOT NULL,
  CAPITAN_ID VARCHAR(45) NOT NULL,
  ACTIVO VARCHAR(1) NOT NULL DEFAULT 'Y',
  PRIMARY KEY (EQUIPO_ID),
  CONSTRAINT EQUIUSUARIOS    FOREIGN KEY (CAPITAN_ID)    REFERENCES USUARIOS (USUARIO_ID)    ON DELETE RESTRICT ON UPDATE CASCADE);

CREATE TABLE FASES (
  TORNEO_ID INT NOT NULL,
  FASE_ID INT NOT NULL,
  DESCRIPCION VARCHAR(45) NOT NULL,
  PRIMARY KEY (TORNEO_ID, FASE_ID),
  CONSTRAINT FASETORNEOS   FOREIGN KEY (TORNEO_ID)   REFERENCES TORNEOS (TORNEO_ID) ON DELETE CASCADE ON UPDATE CASCADE);


CREATE TABLE CANCHAS (
  SEDE_ID INT NOT NULL,
  CANCHA_ID INT NOT NULL,
  DESCRIPCION VARCHAR(45) NOT NULL,
  DEPORTE_ID INT NOT NULL,
  PRECIO INT NOT NULL,
  PRIMARY KEY (SEDE_ID, CANCHA_ID),
  CONSTRAINT CANCHASEDES    FOREIGN KEY (SEDE_ID)    REFERENCES SEDES (SEDE_ID)   ON DELETE CASCADE ON UPDATE CASCADE,
  CONSTRAINT CANCHADEPORTES FOREIGN KEY (DEPORTE_ID) REFERENCES DEPORTES (DEPORTE_ID)   ON DELETE RESTRICT ON UPDATE CASCADE);

CREATE TABLE PARTIDOS (
  TORNEO_ID INT NOT NULL,
  FASE_ID INT NOT NULL,
  PARTIDO_ID INT NOT NULL AUTO_INCREMENT,
  LOCAL_ID INT NOT NULL,
  VISITA_ID INT NOT NULL,
  FECHA DATE NULL,
  HORA TIME(5) NULL,
  ARBITRO_ID VARCHAR(45) NULL,
  PUNTOS_LOCAL INT(3) NULL,
  PUNTOS_VISITA INT(3) NULL,
  LOCAL_OK VARCHAR(1) NULL,
  VISITA_OK VARCHAR(1) NULL,
  SEDE_ID INT NOT NULL,
  CANCHA_ID INT NOT NULL,
  JUGADO VARCHAR(1) NOT NULL DEFAULT 'N',
  PRIMARY KEY (TORNEO_ID, FASE_ID, PARTIDO_ID),
  CONSTRAINT PARTIFECHAS   FOREIGN KEY (TORNEO_ID , FASE_ID)   REFERENCES FASES (TORNEO_ID , FASE_ID)   ON DELETE CASCADE ON UPDATE CASCADE,
  CONSTRAINT PARTIEQUILOC  FOREIGN KEY (LOCAL_ID)   REFERENCES EQUIPOS (EQUIPO_ID)   ON DELETE RESTRICT ON UPDATE CASCADE,
  CONSTRAINT PARTIEQUIVIS  FOREIGN KEY (VISITA_ID)  REFERENCES EQUIPOS (EQUIPO_ID)   ON DELETE RESTRICT ON UPDATE CASCADE,
  CONSTRAINT PARTIUSUARBI  FOREIGN KEY (ARBITRO_ID) REFERENCES USUARIOS (USUARIO_ID) ON DELETE RESTRICT ON UPDATE CASCADE,
  CONSTRAINT PARTICANCHAS1 FOREIGN KEY (SEDE_ID , CANCHA_ID)  REFERENCES CANCHAS (SEDE_ID , CANCHA_ID)  ON DELETE CASCADE ON UPDATE CASCADE);

CREATE TABLE MENSAJES (
  MENSAJE_ID INT NOT NULL AUTO_INCREMENT,
  MENSAJE LONGBLOB NOT NULL,
  EMISOR_ID VARCHAR(45) NOT NULL,
  RECEPTOR_ID VARCHAR(45) NULL,
  TORNEO_ID INT NULL,
  FECHA_ID INT NULL,
  PARTIDO_ID INT NULL,
  FECHA DATE NULL,
  HORA TIME(5) NULL,
  LEIDO VARCHAR(1) NOT NULL DEFAULT 'N',
  PRIMARY KEY (MENSAJE_ID),
  CONSTRAINT MENSAUSUEMI FOREIGN KEY (EMISOR_ID)  REFERENCES USUARIOS (USUARIO_ID)  ON DELETE RESTRICT ON UPDATE CASCADE,
  CONSTRAINT MENSAUSUREC FOREIGN KEY (RECEPTOR_ID)  REFERENCES USUARIOS (USUARIO_ID) ON DELETE RESTRICT ON UPDATE CASCADE,
  CONSTRAINT MENSAPARTIDOS  FOREIGN KEY (TORNEO_ID , FECHA_ID , PARTIDO_ID) REFERENCES PARTIDOS (TORNEO_ID , FASE_ID , PARTIDO_ID)  ON DELETE CASCADE ON UPDATE CASCADE);

CREATE TABLE JUGADORES (
  EQUIPO_ID INT NOT NULL,
  JUGADOR_ID VARCHAR(45) NOT NULL,
  PRIMARY KEY (EQUIPO_ID, JUGADOR_ID),
  CONSTRAINT JUGAEQUIPOS  FOREIGN KEY (EQUIPO_ID)  REFERENCES EQUIPOS (EQUIPO_ID) ON DELETE CASCADE ON UPDATE CASCADE,
  CONSTRAINT JUGAUSUARIOS FOREIGN KEY (JUGADOR_ID) REFERENCES USUARIOS (USUARIO_ID) ON DELETE RESTRICT ON UPDATE CASCADE);

CREATE TABLE ORGANIZADORES (
  TORNEO_ID INT NOT NULL,
  ORGANIZADOR_ID VARCHAR(45) NOT NULL,
  ACTIVO VARCHAR(1) NOT NULL DEFAULT 'Y',
  PRIMARY KEY (TORNEO_ID, ORGANIZADOR_ID),
  CONSTRAINT ORGATORNEOS FOREIGN KEY (TORNEO_ID) REFERENCES TORNEOS (TORNEO_ID)  ON DELETE CASCADE ON UPDATE CASCADE,
  CONSTRAINT ORGAUSUARIOS FOREIGN KEY (ORGANIZADOR_ID) REFERENCES USUARIOS (USUARIO_ID)  ON DELETE RESTRICT ON UPDATE CASCADE);

CREATE TABLE EQUIPOS_TORNEO (
  TORNEO_ID INT NOT NULL,
  EQUIPO_ID INT NOT NULL,
  PRIMARY KEY (TORNEO_ID, EQUIPO_ID),
  CONSTRAINT EQUITORNEOS  FOREIGN KEY (TORNEO_ID)  REFERENCES TORNEOS (TORNEO_ID)  ON DELETE CASCADE ON UPDATE CASCADE,
  CONSTRAINT EQUIEQUIPOS  FOREIGN KEY (EQUIPO_ID)  REFERENCES EQUIPOS (EQUIPO_ID)  ON DELETE RESTRICT ON UPDATE CASCADE);

CREATE TABLE DUENOS (
  SEDE_ID INT NOT NULL,
  USUARIO_ID VARCHAR(45) NOT NULL,
  ACTIVO VARCHAR(1) NOT NULL DEFAULT 'Y',
  PRIMARY KEY (SEDE_ID, USUARIO_ID),
  CONSTRAINT DUESEDES  FOREIGN KEY (SEDE_ID) REFERENCES SEDES (SEDE_ID)  ON DELETE CASCADE ON UPDATE CASCADE,
  CONSTRAINT DUEUSUARIOS    FOREIGN KEY (USUARIO_ID)  REFERENCES USUARIOS (USUARIO_ID)   ON DELETE RESTRICT ON UPDATE CASCADE);

CREATE TABLE TIPOS_ESTADISTICA (
  TIPO_ESTADISTICA_ID CHAR(1) NOT NULL,
  DESCRIPCION VARCHAR(45) NOT NULL,
  PRIMARY KEY (TIPO_ESTADISTICA_ID));

CREATE TABLE FICHA_PARTIDO (
  TORNEO_ID INT NOT NULL,
  FASE_ID INT NOT NULL,
  PARTIDO_ID INT NOT NULL,
  FICHA_ID INT NOT NULL,
  TIPO_ESTADISTICA_ID CHAR(1) NOT NULL,
  EQUIPO_ID INT NOT NULL,
  JUGADOR_ID VARCHAR(45) NOT NULL,
  PRIMARY KEY (TORNEO_ID, FASE_ID, PARTIDO_ID, FICHA_ID),
  CONSTRAINT FICHAPARTIDOS   FOREIGN KEY (TORNEO_ID , FASE_ID , PARTIDO_ID)  REFERENCES PARTIDOS (TORNEO_ID , FASE_ID , PARTIDO_ID)  ON DELETE CASCADE ON UPDATE CASCADE,
  CONSTRAINT FICHATIPOS     FOREIGN KEY (TIPO_ESTADISTICA_ID)   REFERENCES TIPOS_ESTADISTICA (TIPO_ESTADISTICA_ID)  ON DELETE RESTRICT ON UPDATE CASCADE,
  CONSTRAINT FICHAJUGADORES   FOREIGN KEY (EQUIPO_ID , JUGADOR_ID)  REFERENCES JUGADORES (EQUIPO_ID , JUGADOR_ID)   ON DELETE RESTRICT ON UPDATE CASCADE)
;

INSERT INTO PAISES VALUES('MCO','Monaco','MC');
INSERT INTO PAISES VALUES('MDG','Madagascar','MG');
INSERT INTO PAISES VALUES('MEX','Mexico','MX');
INSERT INTO PAISES VALUES('NGA','Nigeria','NG');
INSERT INTO PAISES VALUES('NIC','Nicaragua','NI');
INSERT INTO PAISES VALUES('NOR','Norway','NO');
INSERT INTO PAISES VALUES('NZL','New Zealand','NZ');
INSERT INTO PAISES VALUES('PER','Peru','PE');
INSERT INTO PAISES VALUES('POL','Poland','PL');
INSERT INTO PAISES VALUES('PRI','Puerto Rico','PR');
INSERT INTO PAISES VALUES('AFG','Afghanistan','AF');
INSERT INTO PAISES VALUES('ARG','Argentina','AR');

INSERT INTO PROVINCIAS  VALUES ('ARG', 'BUE', 'Buenos Aires');
INSERT INTO PROVINCIAS  VALUES ('ARG', 'CAT', 'Catamarca');
INSERT INTO PROVINCIAS  VALUES ('ARG', 'CHA', 'Chaco');
INSERT INTO PROVINCIAS  VALUES ('ARG', 'CHU', 'Chubut');
INSERT INTO PROVINCIAS  VALUES ('ARG', 'CBA', 'Córdoba');
INSERT INTO PROVINCIAS  VALUES ('ARG', 'COR', 'Corrientes');
INSERT INTO PROVINCIAS  VALUES ('ARG', 'CAP', 'Capital Federal');
INSERT INTO PROVINCIAS  VALUES ('ARG', 'ENR', 'Entre Ríos');
INSERT INTO PROVINCIAS  VALUES ('ARG', 'FOR', 'Formosa');
INSERT INTO PROVINCIAS  VALUES ('ARG', 'JUJ', 'Jujuy');
INSERT INTO PROVINCIAS  VALUES ('ARG', 'LPA', 'La Pampa');
INSERT INTO PROVINCIAS  VALUES ('ARG', 'LRI', 'La Rioja');
INSERT INTO PROVINCIAS  VALUES ('ARG', 'MEN', 'Mendoza');
INSERT INTO PROVINCIAS  VALUES ('ARG', 'MIS', 'Misiones');
INSERT INTO PROVINCIAS  VALUES ('ARG', 'NEU', 'Neuquén');
INSERT INTO PROVINCIAS  VALUES ('ARG', 'RNE', 'Río Negro');
INSERT INTO PROVINCIAS  VALUES ('ARG', 'SAL', 'Salta');
INSERT INTO PROVINCIAS  VALUES ('ARG', 'SJU', 'San Juan');
INSERT INTO PROVINCIAS  VALUES ('ARG', 'SLU', 'San Luis');
INSERT INTO PROVINCIAS  VALUES ('ARG', 'SCR', 'Santa Cruz');
INSERT INTO PROVINCIAS  VALUES ('ARG', 'SFE', 'Santa Fe');
INSERT INTO PROVINCIAS  VALUES ('ARG', 'SDE', 'Santiago del Estero');
INSERT INTO PROVINCIAS  VALUES ('ARG', 'TDF', 'Tierra del Fuego');
INSERT INTO PROVINCIAS  VALUES ('ARG', 'TUC', 'Tucumán');


INSERT INTO DEPORTES  VALUES (1, 'Futbol 5', 10);
INSERT INTO DEPORTES  VALUES (2, 'Futbol 11', 18);
INSERT INTO DEPORTES  VALUES (3, 'Tenis Individual', 1);
INSERT INTO DEPORTES  VALUES (4, 'Tenis Dobles', 2);
INSERT INTO DEPORTES  VALUES (5, 'Basket', 12);
INSERT INTO DEPORTES  VALUES (6, 'Volley', 12);
INSERT INTO DEPORTES  VALUES (7, 'Paddle Individual', 1);
INSERT INTO DEPORTES  VALUES (8, 'Paddle Dobles', 2);
INSERT INTO DEPORTES  VALUES (9, 'Rugby', 35);
INSERT INTO DEPORTES  VALUES (10, 'Golf', 1);

INSERT INTO TIPOS_TORNEO VALUES ('L', 'Liga');
INSERT INTO TIPOS_TORNEO VALUES ('C', 'Copa');
INSERT INTO TIPOS_TORNEO VALUES ('T', 'Torneo Ida y Vuelta');

INSERT INTO SEDES  VALUES (1, 'Sin Definir', 'ARG', 'BUE', 'N/A', 'Sin Definir', 0, 'Sin Definir', NULL);
INSERT INTO SEDES  VALUES (2, 'La Popular', 'ARG', 'BUE', '1752', 'Costa Rica', 80, '4655-2212', NULL);
INSERT INTO SEDES  VALUES (3, 'Complejo Norte', 'ARG', 'BUE', '1222', 'Av Juan B Justo', 1101, '2344-5312', 'Entre Venezuela y Bolivar');

INSERT INTO ESTADOS_TORNEO VALUES ('I', 'No Iniciado');
INSERT INTO ESTADOS_TORNEO VALUES ('C', 'En Curso');
INSERT INTO ESTADOS_TORNEO VALUES ('F', 'Finalizado');

INSERT INTO TORNEOS  VALUES (1, 'Torneo DaVinci', 1, 'L', 10, '2018-12-01', 2, 'I');
INSERT INTO TORNEOS  VALUES (2, 'Roland Garros', 4, 'C', 32,  '2016-12-01', 2, 'F');

INSERT INTO USUARIOS  VALUES ('pf_admin',  '$2y$10$tKq0LqypmBfGvw4DALD.Auj7tqkiNO7tBFrz4TDzfwt3yCiFAmGGm', 'Admin', 'ProximaFecha', 'contacto@proximafecha.com', '1', '4655-1231',  '2016-10-01');
INSERT INTO USUARIOS  VALUES ('facundoS',  '$2y$10$tKq0LqypmBfGvw4DALD.Auj7tqkiNO7tBFrz4TDzfwt3yCiFAmGGm', 'Facundo', 'Salerno', 'facundo.salerno@davinci.edu.ar', '1', '4655-1231',  '2016-10-01');
INSERT INTO USUARIOS  VALUES ('mauritoI',  '$2y$10$tKq0LqypmBfGvw4DALD.Auj7tqkiNO7tBFrz4TDzfwt3yCiFAmGGm', 'Mauro', 'Iglesias', 'mauro.iglesias@davinci.edu.ar', '1', '4532-3123',  '2016-10-01');
INSERT INTO USUARIOS  VALUES ('claudioS',  '$2y$10$tKq0LqypmBfGvw4DALD.Auj7tqkiNO7tBFrz4TDzfwt3yCiFAmGGm', 'Claudio', 'Serrano', 'claudio.serrano@davinci.edu.ar', '1', '1123-1231',  '2016-10-01');
INSERT INTO USUARIOS  VALUES ('hugoP',     '$2y$10$tKq0LqypmBfGvw4DALD.Auj7tqkiNO7tBFrz4TDzfwt3yCiFAmGGm', 'Hugo', 'Pereyra', 'hugo.pereyra@davinci.edu.ar', '1', '1231-4123',  '2016-10-01');
INSERT INTO USUARIOS  VALUES ('francoA',   '$2y$10$tKq0LqypmBfGvw4DALD.Auj7tqkiNO7tBFrz4TDzfwt3yCiFAmGGm', 'Franco', 'Arias', 'franco.arias@davinci.edu.ar', '1', '1233-1232',  '2016-10-01');
INSERT INTO USUARIOS  VALUES ('estebanI',  '$2y$10$tKq0LqypmBfGvw4DALD.Auj7tqkiNO7tBFrz4TDzfwt3yCiFAmGGm', 'Esteban', 'Iglesias', 'carlos.iglesias@davinci.edu.ar', '1', '3241-1232',  '2016-10-01');
INSERT INTO USUARIOS  VALUES ('brianR',    '$2y$10$tKq0LqypmBfGvw4DALD.Auj7tqkiNO7tBFrz4TDzfwt3yCiFAmGGm', 'Brian', 'Rodriguez', 'brian.rodriguez@davinci.edu.ar', '1', '3241-1232',  '2016-10-01');
INSERT INTO USUARIOS  VALUES ('marceloT',  '$2y$10$tKq0LqypmBfGvw4DALD.Auj7tqkiNO7tBFrz4TDzfwt3yCiFAmGGm', 'Marcelo', 'Tulián', 'marcelo.tulian@davinci.edu.ar', '1', '3241-1232',  '2016-10-01');
INSERT INTO USUARIOS  VALUES ('leonardoT', '$2y$10$tKq0LqypmBfGvw4DALD.Auj7tqkiNO7tBFrz4TDzfwt3yCiFAmGGm', 'Leonardo', 'Tulián', 'leonardo.tulian@davinci.edu.ar', '1', '3241-1232',  '2016-10-01');
INSERT INTO USUARIOS  VALUES ('javierP',   '$2y$10$tKq0LqypmBfGvw4DALD.Auj7tqkiNO7tBFrz4TDzfwt3yCiFAmGGm', 'Javier', 'Pereyra', 'javier.pereyta@davinci.edu.ar', '1', '3241-1232',  '2016-10-01');
INSERT INTO USUARIOS  VALUES ('lucianoF',  '$2y$10$tKq0LqypmBfGvw4DALD.Auj7tqkiNO7tBFrz4TDzfwt3yCiFAmGGm', 'Luciano', 'Fox', 'luciano.fox@davinci.edu.ar', '1', '1232-5411',  '2016-10-01');
INSERT INTO USUARIOS  VALUES ('cristianC', '$2y$10$tKq0LqypmBfGvw4DALD.Auj7tqkiNO7tBFrz4TDzfwt3yCiFAmGGm', 'Cristian', 'Corey', 'cristian.corey@dvinci.edu.ar', '1', '1234-1231',  '2016-10-01');
INSERT INTO USUARIOS  VALUES ('gonzaloV',  '$2y$10$tKq0LqypmBfGvw4DALD.Auj7tqkiNO7tBFrz4TDzfwt3yCiFAmGGm', 'Gonzalo', 'Vicens', 'gonzalo.vicens@davinci.edu.ar', '1', '1232-2322',  '2016-10-01');
INSERT INTO USUARIOS  VALUES ('jeronimoB', '$2y$10$tKq0LqypmBfGvw4DALD.Auj7tqkiNO7tBFrz4TDzfwt3yCiFAmGGm', 'Jeronimo', 'Brandalise', 'jeronimo.brandalise@davinci.edu.ar', '1', '2133-5454',  '2016-10-01');
INSERT INTO USUARIOS  VALUES ('fernandoG', '$2y$10$tKq0LqypmBfGvw4DALD.Auj7tqkiNO7tBFrz4TDzfwt3yCiFAmGGm', 'Fernando', 'García', 'fernando.garcia@davinci.edu.ar', '1', '6758-1232',  '2016-10-01');
INSERT INTO USUARIOS  VALUES ('sebastianL','$2y$10$tKq0LqypmBfGvw4DALD.Auj7tqkiNO7tBFrz4TDzfwt3yCiFAmGGm', 'Sebastián', 'Leonelli', 'sebastian.leonelli@davinci.edu.ar', '1', '4531-6546',  '2016-10-01');
INSERT INTO USUARIOS  VALUES ('jeffersonC','$2y$10$tKq0LqypmBfGvw4DALD.Auj7tqkiNO7tBFrz4TDzfwt3yCiFAmGGm', 'Jefferson', 'Cartagena', 'jefferson.cartagena@davinci.edu.ar', '1', '2345-6354',  '2016-10-01');
INSERT INTO USUARIOS  VALUES ('germanR',   '$2y$10$tKq0LqypmBfGvw4DALD.Auj7tqkiNO7tBFrz4TDzfwt3yCiFAmGGm', 'German', 'Rodriguez', 'german.rodriguez@davinci.edu.ar', '1', NULL,  '2016-10-01');
INSERT INTO USUARIOS  VALUES ('federicoN', '$2y$10$tKq0LqypmBfGvw4DALD.Auj7tqkiNO7tBFrz4TDzfwt3yCiFAmGGm', 'Federico', 'Noto', 'federico.noto@davinci.edu.ar', '1', NULL,  '2016-10-01');
INSERT INTO USUARIOS  VALUES ('juanB',     '$2y$10$tKq0LqypmBfGvw4DALD.Auj7tqkiNO7tBFrz4TDzfwt3yCiFAmGGm', 'Juan', 'Belloti', 'juan.belloti@davinci.edu.ar', '1', NULL,  '2016-10-01');
INSERT INTO USUARIOS  VALUES ('ignacioA',  '$2y$10$tKq0LqypmBfGvw4DALD.Auj7tqkiNO7tBFrz4TDzfwt3yCiFAmGGm', 'Ignacio', 'Alaniz', 'ignacio.alaniz@davinci.edu.ar', '1', NULL,  '2016-10-01');
INSERT INTO USUARIOS  VALUES ('ricardoR',  '$2y$10$tKq0LqypmBfGvw4DALD.Auj7tqkiNO7tBFrz4TDzfwt3yCiFAmGGm', 'Ricardo', 'Rodriguez', 'ricardo.rodriguez@davinci.edu.ar', '1', NULL,  '2016-10-01');
INSERT INTO USUARIOS  VALUES ('cristianF', '$2y$10$tKq0LqypmBfGvw4DALD.Auj7tqkiNO7tBFrz4TDzfwt3yCiFAmGGm', 'Cristian', 'Fabregat', 'cristian.fabregat@davinci.edu.ar', '1', NULL,  '2016-10-01');
INSERT INTO USUARIOS  VALUES ('mabelG',    '$2y$10$tKq0LqypmBfGvw4DALD.Auj7tqkiNO7tBFrz4TDzfwt3yCiFAmGGm', 'Mabel', 'Garcia', 'mabel.garcia@davinci.edu.ar', '1', '1235-8521',  '2016-10-01');
INSERT INTO USUARIOS  VALUES ('vanesaP',   '$2y$10$tKq0LqypmBfGvw4DALD.Auj7tqkiNO7tBFrz4TDzfwt3yCiFAmGGm', 'Vanesa', 'Ponce', 'vanesa.ponce@davinci.edu.ar', '1',  null,  '2016-10-01');
INSERT INTO USUARIOS  VALUES ('usuario1',  '$2y$10$tKq0LqypmBfGvw4DALD.Auj7tqkiNO7tBFrz4TDzfwt3yCiFAmGGm', 'Rómulo H.', 'Aquitado', 'usuario1@davinci.edu.ar', '1', null,  '2016-10-01');
INSERT INTO USUARIOS  VALUES ('usuario2',  '$2y$10$tKq0LqypmBfGvw4DALD.Auj7tqkiNO7tBFrz4TDzfwt3yCiFAmGGm', 'Elías', 'Pereza', 'usuario2@davinci.edu.ar', '1', null,  '2016-10-01');
INSERT INTO USUARIOS  VALUES ('usuario3',  '$2y$10$tKq0LqypmBfGvw4DALD.Auj7tqkiNO7tBFrz4TDzfwt3yCiFAmGGm', 'Brian', 'De La Mano', 'usuario3@davinci.edu.ar', '1', null,  '2016-10-01');
INSERT INTO USUARIOS  VALUES ('usuario4',  '$2y$10$tKq0LqypmBfGvw4DALD.Auj7tqkiNO7tBFrz4TDzfwt3yCiFAmGGm', 'Alberto', 'Tronchado', 'usuario4@davinci.edu.ar', '1', null,  '2016-10-01');
INSERT INTO USUARIOS  VALUES ('usuario5',  '$2y$10$tKq0LqypmBfGvw4DALD.Auj7tqkiNO7tBFrz4TDzfwt3yCiFAmGGm', 'Silvio', 'Roscazo', 'usuario5@davinci.edu.ar', '1', null,  '2016-10-01');
INSERT INTO USUARIOS  VALUES ('usuario6',  '$2y$10$tKq0LqypmBfGvw4DALD.Auj7tqkiNO7tBFrz4TDzfwt3yCiFAmGGm', 'José F.', 'Etchassoc', 'usuario6@davinci.edu.ar', '1', null,  '2016-10-01');


INSERT INTO EQUIPOS  VALUES (1, 'PHP Futbol Club', 'facundoS', '1');
INSERT INTO EQUIPOS  VALUES (2, 'Sin Framework no programo', 'estebanI', '1');
INSERT INTO EQUIPOS  VALUES (3, 'Programadores', 'usuario2', '1');
INSERT INTO EQUIPOS  VALUES (4, 'Varchar de 50', 'usuario5', '1');
INSERT INTO EQUIPOS  VALUES (5, 'SQL Injection', 'usuario1', '1');
INSERT INTO EQUIPOS  VALUES (6, 'Puerto 7', 'germanR', '1');
INSERT INTO EQUIPOS  VALUES (7, 'Control C Control V', 'usuario3', '1');
INSERT INTO EQUIPOS  VALUES (8, 'Pisame la variable', 'usuario4', '1');
INSERT INTO EQUIPOS  VALUES (9, 'Los Array de 1 indice', 'gonzaloV', '1');
INSERT INTO EQUIPOS  VALUES (10, 'LAMPaso', 'usuario6', '1');
INSERT INTO EQUIPOS  VALUES (11, 'Boca Juniors', 'usuario6', '1');
INSERT INTO EQUIPOS  VALUES (12, 'River Plate', 'usuario6', '1');
INSERT INTO EQUIPOS  VALUES (13, 'Independiente', 'usuario6', '1');
INSERT INTO EQUIPOS  VALUES (14, 'Racing', 'usuario6', '1');
INSERT INTO EQUIPOS  VALUES (15, 'San Lorenzo', 'usuario6', '1');
INSERT INTO EQUIPOS  VALUES (16, 'Huracan', 'usuario6', '1');
INSERT INTO EQUIPOS  VALUES (17, 'Estudiantes La Plata', 'usuario6', '1');
INSERT INTO EQUIPOS  VALUES (18, 'Gimansia La Plata', 'usuario6', '1');
INSERT INTO EQUIPOS  VALUES (19, 'Rosario Central', 'usuario6', '1');
INSERT INTO EQUIPOS  VALUES (20, 'Newells All Boys', 'usuario6', '1');
INSERT INTO EQUIPOS  VALUES (21, 'Colon Santa Fe', 'usuario6', '1');
INSERT INTO EQUIPOS  VALUES (22, 'Union Santa Fe', 'usuario6', '1');
INSERT INTO EQUIPOS  VALUES (23, 'Belgrano', 'usuario6', '1');
INSERT INTO EQUIPOS  VALUES (24, 'Talleres', 'usuario6', '1');
INSERT INTO EQUIPOS  VALUES (25, 'Banfield', 'usuario6', '1');
INSERT INTO EQUIPOS  VALUES (26, 'Lanús', 'usuario6', '1');
INSERT INTO EQUIPOS  VALUES (27, 'Argentinos Juniors', 'usuario6', '1');
INSERT INTO EQUIPOS  VALUES (28, 'All Boys', 'usuario6', '1');
INSERT INTO EQUIPOS  VALUES (29, 'Chicago', 'usuario6', '1');
INSERT INTO EQUIPOS  VALUES (30, 'Velez', 'usuario6', '1');

INSERT INTO FASES VALUES (1, 1, 'Fecha 1');
INSERT INTO FASES VALUES (1, 2, 'Fecha 2');
INSERT INTO FASES VALUES (1, 3, 'Fecha 3');

INSERT INTO CANCHAS  VALUES (1, 1, 'Sin Definir', 1, 0);
INSERT INTO CANCHAS  VALUES (2, 1, 'La Canchita', 1, 300);
INSERT INTO CANCHAS  VALUES (3, 1, 'Abajo Futbol 1', 1, 300);
INSERT INTO CANCHAS  VALUES (3, 2, 'Abajo Futbol 2', 1, 300);
INSERT INTO CANCHAS  VALUES (3, 3, 'Abajo Tenis', 3, 250);
INSERT INTO CANCHAS  VALUES (3, 4, 'Arriba Tenis', 3, 250);

INSERT INTO PARTIDOS  VALUES (1, 1, 1, 1, 2, '2016-10-15', '21:00', NULL, 1, 2, 'Y', 'Y', 2, 1,'N');
INSERT INTO PARTIDOS  VALUES (1, 1, 2, 3, 4, '2016-10-15', '21:00', NULL, 0, 0, 'Y', 'Y', 2, 2,'N');
INSERT INTO PARTIDOS  VALUES (1, 2, 1, 1, 3, '2016-10-22', '19:00', 'mabelG', 2, 0, NULL, NULL, 2, 1,'N');
INSERT INTO PARTIDOS  VALUES (1, 2, 2, 2, 4, '2016-10-22', '21:00', 'vanesaP', 1, 2, NULL, NULL, 2, 2,'N');
INSERT INTO PARTIDOS  VALUES (1, 3, 1, 1, 4, '2016-10-29', '21:00', NULL, NULL, NULL, NULL, NULL, 2, 1,'N');
INSERT INTO PARTIDOS  VALUES (1, 3, 2, 2, 3, '2016-10-29', '21:00', NULL, NULL, NULL, NULL, NULL, 2, 2,'N');

INSERT INTO MENSAJES  VALUES (1, 'Hola, no podrías asignar un arbitro la prpoxima fecha?', 'facundoS', 'mabelG', 1, 1, 1,  '2016-10-16', '01:00','Y');
INSERT INTO MENSAJES  VALUES (2, 'Jojooo como les ganamos', 'estebanI', NULL, 1, 1, 1,  '2016-10-16', '09:00','N');
INSERT INTO MENSAJES  VALUES (3, 'Dale, no hay problema. Saludos', 'mabelG', 'facundoS', 1, 1, 1, '2016-10-16', '21:00','N');


INSERT INTO JUGADORES  VALUES (1, 'facundoS');
INSERT INTO JUGADORES  VALUES (1, 'mauritoI');
INSERT INTO JUGADORES  VALUES (1, 'hugoP');
INSERT INTO JUGADORES  VALUES (1, 'francoA');
INSERT INTO JUGADORES  VALUES (1, 'claudioS');
INSERT INTO JUGADORES  VALUES (1, 'cristianC');
INSERT INTO JUGADORES  VALUES (2, 'estebanI');
INSERT INTO JUGADORES  VALUES (2, 'javierP');
INSERT INTO JUGADORES  VALUES (2, 'brianR');
INSERT INTO JUGADORES  VALUES (2, 'marceloT');
INSERT INTO JUGADORES  VALUES (2, 'leonardoT');
INSERT INTO JUGADORES  VALUES (2, 'lucianoF');
INSERT INTO JUGADORES  VALUES (9, 'gonzaloV');
INSERT INTO JUGADORES  VALUES (9, 'fernandoG');
INSERT INTO JUGADORES  VALUES (9, 'sebastianL');
INSERT INTO JUGADORES  VALUES (9, 'jeronimoB');
INSERT INTO JUGADORES  VALUES (9, 'jeffersonC');
INSERT INTO JUGADORES  VALUES (6, 'germanR');
INSERT INTO JUGADORES  VALUES (6, 'federicoN');
INSERT INTO JUGADORES  VALUES (6, 'juanB');
INSERT INTO JUGADORES  VALUES (6, 'ignacioA');
INSERT INTO JUGADORES  VALUES (6, 'cristianF');
INSERT INTO JUGADORES  VALUES (6, 'ricardoR');
INSERT INTO JUGADORES  VALUES (5, 'usuario1');
INSERT INTO JUGADORES  VALUES (4, 'usuario2');
INSERT INTO JUGADORES  VALUES (7, 'usuario3');
INSERT INTO JUGADORES  VALUES (8, 'usuario4');
INSERT INTO JUGADORES  VALUES (3, 'usuario5');
INSERT INTO JUGADORES  VALUES (10,'usuario6');

INSERT INTO ORGANIZADORES VALUES (1, 'mabelG', '1');
INSERT INTO ORGANIZADORES VALUES (1, 'vanesaP', '1');

INSERT INTO EQUIPOS_TORNEO  VALUES (1, 1);
INSERT INTO EQUIPOS_TORNEO  VALUES (1, 2);
INSERT INTO EQUIPOS_TORNEO  VALUES (1, 3);
INSERT INTO EQUIPOS_TORNEO  VALUES (1, 4);
INSERT INTO EQUIPOS_TORNEO  VALUES (1, 5);
INSERT INTO EQUIPOS_TORNEO  VALUES (1, 6);
INSERT INTO EQUIPOS_TORNEO  VALUES (1, 7);
INSERT INTO EQUIPOS_TORNEO  VALUES (1, 8);
INSERT INTO EQUIPOS_TORNEO  VALUES (1, 9);
INSERT INTO EQUIPOS_TORNEO  VALUES (1, 10);

INSERT INTO DUENOS  VALUES (1, 'jeronimoB', '1');
INSERT INTO DUENOS  VALUES (2, 'vanesaP', '1');

INSERT INTO TIPOS_ESTADISTICA VALUES ('G', 'Gol');
INSERT INTO TIPOS_ESTADISTICA VALUES ('P', 'Puntos');
INSERT INTO TIPOS_ESTADISTICA VALUES ('S', 'Set');
INSERT INTO TIPOS_ESTADISTICA VALUES ('A', 'Tarjeta Amarilla');
INSERT INTO TIPOS_ESTADISTICA VALUES ('R', 'Tarjeta Roja');
INSERT INTO TIPOS_ESTADISTICA VALUES ('V', 'Tarjeta Verde');

INSERT INTO FICHA_PARTIDO  VALUES (1, 1, 1, 1, 'G', 1, 'claudioS');
INSERT INTO FICHA_PARTIDO  VALUES (1, 1, 1, 2, 'A', 2, 'estebanI');
INSERT INTO FICHA_PARTIDO  VALUES (1, 1, 1, 3, 'G', 2, 'estebanI');
INSERT INTO FICHA_PARTIDO  VALUES (1, 1, 1, 4, 'G', 2, 'javierP');
INSERT INTO FICHA_PARTIDO  VALUES (1, 1, 2, 1, 'R', 6, 'germanR');
INSERT INTO FICHA_PARTIDO  VALUES (1, 2, 1, 1, 'G', 1, 'facundoS');
INSERT INTO FICHA_PARTIDO  VALUES (1, 2, 1, 2, 'G', 1, 'claudioS');
INSERT INTO FICHA_PARTIDO  VALUES (1, 2, 1, 3, 'A', 1, 'facundoS');
INSERT INTO FICHA_PARTIDO  VALUES (1, 2, 2, 1, 'G', 6, 'federicoN');
INSERT INTO FICHA_PARTIDO  VALUES (1, 2, 2, 2, 'G', 6, 'juanB');
INSERT INTO FICHA_PARTIDO  VALUES (1, 2, 2, 3, 'G', 9, 'gonzaloV');
